Ad group	Keyword	Currency	Avg. Monthly Searches (exact match only)	Competition	Suggested bid	Impr. share	Organic impr. share	Organic avg. position	In account?	In plan?	Extracted From
Seed Keywords	credito	EUR	10K – 100K	0.94	3.44				N	N	
Keyword Ideas	prestamos personales	EUR	10K – 100K	0.99	3.75				N	N	
Keyword Ideas	prestamos	EUR	10K – 100K	0.93	3.34				N	N	
Keyword Ideas	prestamos rapidos	EUR	10K – 100K	0.99	3.57				N	N	
Keyword Ideas	prestamos online	EUR	10K – 100K	0.99	3.79				N	N	
Keyword Ideas	credito rapido	EUR	10K – 100K	0.98	3.85				N	N	
Keyword Ideas	creditos online	EUR	10K – 100K	0.98	3.68				N	N	
Keyword Ideas	prestamos de dinero	EUR	1K – 10K	0.95	2.55				N	N	
Keyword Ideas	creditos rapidos	EUR	10K – 100K	0.99	3.81				N	N	
Keyword Ideas	creditos personales	EUR	1K – 10K	0.99	3.25				N	N	
Keyword Ideas	prestamos inmediatos	EUR	1K – 10K	0.99	2.65				N	N	
Keyword Ideas	prestamo personal	EUR	1K – 10K	1.00	3.55				N	N	
Keyword Ideas	minicreditos	EUR	10K – 100K	0.98	2.58				N	N	
Keyword Ideas	credito de consumo	EUR	10 – 100	0.88	2.39				N	N	
Keyword Ideas	creditos hipotecarios	EUR	100 – 1K	0.95	2.34				N	N	
Keyword Ideas	prestamos personales online	EUR	1K – 10K	0.99	2.81				N	N	
Keyword Ideas	prestamos personales rapidos	EUR	1K – 10K	0.97	2.23				N	N	
Keyword Ideas	credito personal	EUR	1K – 10K	0.99	2.78				N	N	
Keyword Ideas	prestamos urgentes	EUR	1K – 10K	0.98	2.23				N	N	
Keyword Ideas	prestamos bancarios	EUR	100 – 1K	0.93	2.09				N	N	
Keyword Ideas	prestamos hipotecarios	EUR	1K – 10K	0.98	2.36				N	N	
Keyword Ideas	credito facil	EUR	100 – 1K	0.91	3.26				N	N	
Keyword Ideas	credito rapido online	EUR	1K – 10K	0.93	3.11				N	N	
Keyword Ideas	prestamo rapido	EUR	1K – 10K	0.99	3.13				N	N	
Keyword Ideas	prestamos en linea	EUR	100 – 1K	0.97	1.93				N	N	
Keyword Ideas	prestamos por internet	EUR	100 – 1K	0.82	2.31				N	N	
Keyword Ideas	creditos rapidos online	EUR	1K – 10K	0.97	3.49				N	N	
Keyword Ideas	prestamos rapidos online	EUR	1K – 10K	0.97	3.05				N	N	
Keyword Ideas	minicreditos online	EUR	1K – 10K	0.97	2.83				N	N	
Keyword Ideas	prestamos al instante	EUR	1K – 10K	0.94	2.53				N	N	
Keyword Ideas	calcular prestamo	EUR	1K – 10K	0.51	0.89				N	N	
Keyword Ideas	prestamos en efectivo	EUR	100 – 1K	0.99	1.47				N	N	
Keyword Ideas	préstamos personales	EUR	1K – 10K	0.99	3.51				N	N	
Keyword Ideas	prestamo online	EUR	1K – 10K	0.99	3.41				N	N	
Keyword Ideas	minicreditos rapidos	EUR	1K – 10K	0.90	2.54				N	N	
Keyword Ideas	créditos rápidos	EUR	1K – 10K	0.94	3.62				N	N	
Keyword Ideas	prestamos online rapidos	EUR	1K – 10K	0.95	2.59				N	N	
Keyword Ideas	préstamos	EUR	1K – 10K	0.93	3.03				N	N	
Keyword Ideas	prestamistas	EUR	1K – 10K	0.73	1.22				N	N	
Keyword Ideas	prestamo coche	EUR	1K – 10K	0.99	2.56				N	N	
Keyword Ideas	prestamos con asnef	EUR	1K – 10K	0.98	1.36				N	N	
Keyword Ideas	credito bancario	EUR	100 – 1K	0.67	2.15				N	N	
Keyword Ideas	solicitud de credito	EUR	10 – 100	0.78	2.06				N	N	
Keyword Ideas	creditos rapidos con asnef	EUR	1K – 10K	0.98	1.91				N	N	
Keyword Ideas	prestamos sin aval	EUR	100 – 1K	0.96	2.48				N	N	
Keyword Ideas	prestamos rapidos con asnef	EUR	1K – 10K	0.95	1.90				N	N	
Keyword Ideas	prestamos sin nomina	EUR	1K – 10K	1.00	2.23				N	N	
Keyword Ideas	microcreditos	EUR	1K – 10K	0.95	3.00				N	N	
Keyword Ideas	el credito	EUR	100 – 1K	0.36	0.30				N	N	
Keyword Ideas	credito on line	EUR	100 – 1K	0.98	4.05				N	N	
Keyword Ideas	linea de credito	EUR	1K – 10K	0.87	2.62				N	N	
Keyword Ideas	creditos con asnef	EUR	1K – 10K	0.98	1.49				N	N	
Keyword Ideas	prestamos online inmediatos	EUR	1K – 10K	0.98	2.33				N	N	
Keyword Ideas	creditos al instante	EUR	1K – 10K	0.97	2.58				N	N	
Keyword Ideas	prestamos de dinero rapido	EUR	100 – 1K	0.78	3.11				N	N	
Keyword Ideas	solicitar credito	EUR	100 – 1K	0.99	3.70				N	N	
Keyword Ideas	credito consumo	EUR	10 – 100	0.93	1.70				N	N	
Keyword Ideas	prestamos rapidos y faciles	EUR	100 – 1K	0.98	2.72				N	N	
Keyword Ideas	prestamos personales en linea	EUR	10 – 100	1.00	1.78				N	N	
Keyword Ideas	prestamos express	EUR	100 – 1K	0.98	1.96				N	N	
Keyword Ideas	creditos urgentes	EUR	1K – 10K	0.98	2.07				N	N	
Keyword Ideas	microcreditos rapidos	EUR	100 – 1K	0.88	2.89				N	N	
Keyword Ideas	prestamo bancario	EUR	100 – 1K	0.71	2.25				N	N	
Keyword Ideas	creditos sin nomina	EUR	1K – 10K	0.96	2.67				N	N	
Keyword Ideas	pedir prestamo	EUR	1K – 10K	0.97	2.78				N	N	
Keyword Ideas	prestamo express	EUR	100 – 1K	1.00	1.86				N	N	
Keyword Ideas	necesito un prestamo	EUR	100 – 1K	0.97	1.92				N	N	
Keyword Ideas	creditos rapidos y faciles	EUR	100 – 1K	0.89	2.81				N	N	
Keyword Ideas	mini prestamos	EUR	1K – 10K	0.97	2.05				N	N	
Keyword Ideas	pedir un prestamo	EUR	100 – 1K	0.99	2.05				N	N	
Keyword Ideas	mini creditos al instante	EUR	1K – 10K	0.91	2.50				N	N	
Keyword Ideas	credito coche	EUR	100 – 1K	0.98	2.47				N	N	
Keyword Ideas	financiar	EUR	1K – 10K	0.56	1.65				N	N	
Keyword Ideas	pedir credito	EUR	100 – 1K	0.99	3.19				N	N	
Keyword Ideas	dinero urgente	EUR	1K – 10K	0.98	1.94				N	N	
Keyword Ideas	prestamos sin intereses	EUR	1K – 10K	0.97	1.89				N	N	
Keyword Ideas	pedir credito rapido	EUR	100 – 1K	1.00	3.58				N	N	
Keyword Ideas	mini prestamos online	EUR	100 – 1K	0.99	2.56				N	N	
Keyword Ideas	solicitud de prestamo	EUR	10 – 100	0.98	2.50				N	N	
Keyword Ideas	prestamo rapido online	EUR	100 – 1K	0.96	3.51				N	N	
Keyword Ideas	prestamistas particulares	EUR	1K – 10K	0.98	1.55				N	N	
Keyword Ideas	calculadora de prestamos personales	EUR	100 – 1K	0.80	0.95				N	N	
Keyword Ideas	solicitar prestamo	EUR	100 – 1K	1.00	2.73				N	N	
Keyword Ideas	credito si	EUR	100 – 1K	0.75	1.25				N	N	
Keyword Ideas	prestamos personales por internet	EUR	10 – 100	0.97	1.68				N	N	
Keyword Ideas	prestamos faciles	EUR	100 – 1K	0.97	2.27				N	N	
Keyword Ideas	micro prestamos online	EUR	100 – 1K	0.97	2.20				N	N	
Keyword Ideas	mejor prestamo personal	EUR	100 – 1K	0.98	2.72				N	N	
Keyword Ideas	credito inmediato	EUR	1K – 10K	0.99	2.33				N	N	
Keyword Ideas	creditos para construccion	EUR	10 – 100	0.95					N	N	
Keyword Ideas	creditos personales rapidos	EUR	100 – 1K	0.99	2.17				N	N	
Keyword Ideas	necesito dinero urgente	EUR	100 – 1K	0.99	1.62				N	N	
Keyword Ideas	prestamos personales inmediatos	EUR	10 – 100	1.00	3.15				N	N	
Keyword Ideas	mini prestamos rapidos	EUR	100 – 1K	0.93	2.37				N	N	
Keyword Ideas	prestamos para negocios	EUR	100 – 1K	0.98	2.73				N	N	
Keyword Ideas	prestamos baratos	EUR	100 – 1K	0.99	2.60				N	N	
Keyword Ideas	prestamos personales sin aval	EUR	100 – 1K	0.98	2.89				N	N	
Keyword Ideas	prestamo urgente	EUR	100 – 1K	0.99	2.21				N	N	
Keyword Ideas	creditos online rapidos	EUR	100 – 1K	0.98	2.93				N	N	
Keyword Ideas	prestamos inmediatos en linea	EUR	10 – 100						N	N	
Keyword Ideas	creditos rapidos por telefono	EUR	100 – 1K	0.94	2.29				N	N	
Keyword Ideas	creditos personales online	EUR	100 – 1K	1.00	2.11				N	N	
Keyword Ideas	pedir prestamo personal	EUR	100 – 1K	1.00	2.92				N	N	
Keyword Ideas	calculadora de prestamos	EUR	1K – 10K	0.43	0.70				N	N	
Keyword Ideas	prestamos personales baratos	EUR	100 – 1K	0.99	2.51				N	N	
Keyword Ideas	comparador prestamos	EUR	100 – 1K	0.94	1.99				N	N	
Keyword Ideas	mini creditos rapidos	EUR	100 – 1K	0.95	2.92				N	N	
Keyword Ideas	prestar dinero	EUR	100 – 1K	0.94	2.44				N	N	
Keyword Ideas	prestamos personales online rapidos	EUR	100 – 1K	0.98	2.27				N	N	
Keyword Ideas	calcular credito	EUR	100 – 1K	0.71	1.71				N	N	
Keyword Ideas	credito rapidos	EUR	100 – 1K	0.98	3.27				N	N	
Keyword Ideas	micro prestamos	EUR	100 – 1K	0.85	2.78				N	N	
Keyword Ideas	interes prestamo personal	EUR	100 – 1K	0.91	2.82				N	N	
Keyword Ideas	prestamos faciles y rapidos	EUR	100 – 1K	0.99	2.57				N	N	
Keyword Ideas	mini prestamos al instante	EUR	100 – 1K	0.91	1.94				N	N	
Keyword Ideas	prestamos particulares	EUR	100 – 1K	0.96	2.05				N	N	
Keyword Ideas	financieras prestamos personales	EUR	100 – 1K	0.99	2.28				N	N	
Keyword Ideas	como conseguir un prestamo	EUR	10 – 100	0.99	1.83				N	N	
Keyword Ideas	solicitar credito rapido	EUR	100 – 1K	0.96	3.12				N	N	
Keyword Ideas	prestamos rapidos por internet	EUR	10 – 100	1.00	2.77				N	N	
Keyword Ideas	solicitar prestamo personal	EUR	100 – 1K	0.95	3.14				N	N	
Keyword Ideas	comparativa prestamos personales	EUR	100 – 1K	1.00	2.84				N	N	
Keyword Ideas	prestamos en efectivo sin aval	EUR	10 – 100	1.00	1.37				N	N	
Keyword Ideas	prestamos de dinero al instante	EUR	10 – 100	1.00	2.14				N	N	
Keyword Ideas	comparador prestamos personales	EUR	100 – 1K	0.96	2.48				N	N	
Keyword Ideas	creditos por internet	EUR	100 – 1K	0.75	2.21				N	N	
Keyword Ideas	pedir un credito	EUR	100 – 1K	0.99	3.18				N	N	
Keyword Ideas	credito pyme	EUR	10 – 100	0.96	2.27				N	N	
Keyword Ideas	prestamos en linea inmediatos	EUR	10 – 100	1.00	2.76				N	N	
Keyword Ideas	como pedir un prestamo	EUR	100 – 1K	0.99	2.32				N	N	
Keyword Ideas	préstamos de dinero	EUR	100 – 1K	0.96	2.64				N	N	
Keyword Ideas	creditos online inmediatos	EUR	100 – 1K	0.91	2.49				N	N	
Keyword Ideas	prestamos personal	EUR	100 – 1K	0.99	4.05				N	N	
Keyword Ideas	prestamos inmediatos online	EUR	100 – 1K	0.96	2.70				N	N	
Keyword Ideas	prestamos ya	EUR	100 – 1K	0.96	1.73				N	N	
Keyword Ideas	prestamos personales con asnef	EUR	1K – 10K	0.92	1.15				N	N	
Keyword Ideas	prestamo online inmediato	EUR	100 – 1K	0.85	2.17				N	N	
Keyword Ideas	creditos para vivienda	EUR	10 – 100	0.86	0.79				N	N	
Keyword Ideas	creditos rapidos sin papeles	EUR	1K – 10K	0.97	2.52				N	N	
Keyword Ideas	prestamos rapido	EUR	100 – 1K	0.99	3.22				N	N	
Keyword Ideas	prestamos por internet rapidos	EUR	10 – 100	1.00	1.39				N	N	
Keyword Ideas	prestamos entre particulares	EUR	1K – 10K	0.69	1.13				N	N	
Keyword Ideas	credito ya	EUR	100 – 1K	0.99	1.74				N	N	
Keyword Ideas	prestamos para vivienda	EUR	10 – 100	0.95	1.16				N	N	
Keyword Ideas	prestamos en linea rapidos	EUR	10 – 100	1.00	2.30				N	N	
Keyword Ideas	creditos para emprendedores	EUR	100 – 1K	0.99	1.91				N	N	
Keyword Ideas	prestamo de dinero urgente	EUR	100 – 1K	0.96	2.23				N	N	
Keyword Ideas	prestamos urgentes en linea	EUR	10 – 100	1.00	1.66				N	N	
Keyword Ideas	prestamos urgentes online	EUR	100 – 1K	0.97	2.08				N	N	
Keyword Ideas	reunificar deudas	EUR	1K – 10K	0.94	1.79				N	N	
Keyword Ideas	prestamos sin papeleos	EUR	100 – 1K	0.98	2.35				N	N	
Keyword Ideas	prestamos rapidos en linea	EUR	10 – 100						N	N	
Keyword Ideas	creditos para pymes	EUR	10 – 100	0.97	2.48				N	N	
Keyword Ideas	calcular prestamo personal	EUR	1K – 10K	0.76	1.22				N	N	
Keyword Ideas	credito financiero	EUR	10 – 100	0.75	2.43				N	N	
Keyword Ideas	solicitar un credito	EUR	10 – 100	0.97	2.38				N	N	
Keyword Ideas	creditos para negocios	EUR	10 – 100	0.96	1.47				N	N	
Keyword Ideas	credito inmobiliario	EUR	10 – 100	0.74	2.26				N	N	
Keyword Ideas	prestamos en linea urgentes	EUR	10 – 100	1.00	2.08				N	N	
Keyword Ideas	creditos al momento	EUR	100 – 1K	0.99	2.44				N	N	
Keyword Ideas	prestamo personal online	EUR	100 – 1K	0.99	2.37				N	N	
Keyword Ideas	simulador credito	EUR	100 – 1K	0.74	0.83				N	N	
Keyword Ideas	credito nomina	EUR	10 – 100	0.97	2.22				N	N	
Keyword Ideas	prestamos al momento	EUR	100 – 1K	0.99	2.12				N	N	
Keyword Ideas	calculadora prestamos personales	EUR	100 – 1K	0.63	0.81				N	N	
Keyword Ideas	préstamo rápido	EUR	100 – 1K	0.98	3.35				N	N	
Keyword Ideas	creditos y prestamos	EUR	100 – 1K	0.69	3.00				N	N	
Keyword Ideas	solicitar prestamo online	EUR	100 – 1K	0.91	2.29				N	N	
Keyword Ideas	prestamos banco	EUR	100 – 1K	0.96	2.34				N	N	
Keyword Ideas	prestamos inmediatos por internet	EUR	100 – 1K	0.98	2.80				N	N	
Keyword Ideas	prestamos en linea al instante	EUR	10 – 100	1.00	1.91				N	N	
Keyword Ideas	credito y	EUR	100 – 1K	0.26	0.98				N	N	
Keyword Ideas	prestamos para jubilados	EUR	10 – 100	0.87	1.36				N	N	
Keyword Ideas	calcular cuota prestamo	EUR	1K – 10K	0.44	0.78				N	N	
Keyword Ideas	microcreditos online	EUR	1K – 10K	0.90	2.32				N	N	
Keyword Ideas	prestamistas privados	EUR	100 – 1K	0.99	1.91				N	N	
Keyword Ideas	minicreditos rapidos online	EUR	100 – 1K	0.96	2.07				N	N	
Keyword Ideas	mini creditos inmediatos	EUR	100 – 1K	0.91	2.02				N	N	
Keyword Ideas	creditos online urgentes	EUR	100 – 1K	0.98	1.94				N	N	
Keyword Ideas	prestamo rapidos	EUR	10 – 100	1.00	3.45				N	N	
Keyword Ideas	creditos baratos	EUR	100 – 1K	1.00	2.41				N	N	
Keyword Ideas	efectivo ya	EUR	10 – 100	1.00	0.88				N	N	
Keyword Ideas	mejores prestamos personales	EUR	1K – 10K	0.99	3.28				N	N	
Keyword Ideas	dinero rapido online	EUR	100 – 1K	0.92	2.30				N	N	
Keyword Ideas	pedir prestamo rapido	EUR	100 – 1K	0.96	3.91				N	N	
Keyword Ideas	solicitar credito online	EUR	100 – 1K	0.99	2.69				N	N	
Keyword Ideas	prestamos personales rapidos por internet	EUR	100 – 1K	0.99	2.21				N	N	
Keyword Ideas	prestamos economicos	EUR	10 – 100	0.99	2.31				N	N	
Keyword Ideas	creditos en efectivo	EUR	10 – 100	1.00	2.10				N	N	
Keyword Ideas	prestamo inmediato	EUR	100 – 1K	1.00	2.66				N	N	
Keyword Ideas	prestamo online rapido	EUR	100 – 1K	0.97	2.72				N	N	
Keyword Ideas	pedir prestamo online	EUR	100 – 1K	0.87	2.98				N	N	
Keyword Ideas	solicitud de prestamo personal	EUR	10 – 100	1.00	3.08				N	N	
Keyword Ideas	creditos sin aval	EUR	100 – 1K	0.93	2.27				N	N	
Keyword Ideas	mini prestamos urgentes	EUR	100 – 1K	0.88	1.63				N	N	
Keyword Ideas	prestamos de consumo	EUR	10 – 100	0.90	1.32				N	N	
Keyword Ideas	necesito un prestamo urgente	EUR	100 – 1K	0.98	1.98				N	N	
Keyword Ideas	prestamos en el acto	EUR	10 – 100	0.96	2.37				N	N	
Keyword Ideas	prestamos en bancos	EUR	10 – 100	0.93	1.85				N	N	
Keyword Ideas	prestamos online urgentes	EUR	100 – 1K	0.60	2.07				N	N	
Keyword Ideas	prestamos con dni	EUR	10 – 100	0.95	2.69				N	N	
Keyword Ideas	intereses prestamos personales	EUR	100 – 1K	0.94	2.82				N	N	
Keyword Ideas	prestamos de bancos	EUR	10 – 100	1.00	1.49				N	N	
Keyword Ideas	prestamos personales on line	EUR	100 – 1K	0.96	3.67				N	N	
Keyword Ideas	prestamos efectivo	EUR	10 – 100	0.95	2.34				N	N	
Keyword Ideas	credito express	EUR	100 – 1K	0.98	2.30				N	N	
Keyword Ideas	dinero urgente online	EUR	100 – 1K	0.94	1.50				N	N	
Keyword Ideas	créditos rápidos online	EUR	100 – 1K	0.96	4.05				N	N	
Keyword Ideas	prestamos personales urgentes	EUR	10 – 100	0.97	2.32				N	N	
Keyword Ideas	prestamos de dinero en linea	EUR	0 – 10						N	N	
Keyword Ideas	creditos instantaneos	EUR	100 – 1K	1.00	2.72				N	N	
Keyword Ideas	pedir dinero	EUR	100 – 1K	0.93	1.35				N	N	
Keyword Ideas	prestamo nomina	EUR	100 – 1K	0.99	1.71				N	N	
Keyword Ideas	prestamistas personales	EUR	10 – 100	0.99	1.58				N	N	
Keyword Ideas	prestamos a plazos	EUR	100 – 1K	0.99	2.23				N	N	
Keyword Ideas	prestamos rapidos de dinero	EUR	10 – 100	1.00	6.41				N	N	
Keyword Ideas	microprestamos online	EUR	100 – 1K	0.99	3.32				N	N	
Keyword Ideas	prestamos con garantia hipotecaria	EUR	100 – 1K	0.89	2.41				N	N	
Keyword Ideas	mini credito rapido	EUR	100 – 1K	0.99	2.85				N	N	
Keyword Ideas	creditos inmobiliarios	EUR	10 – 100	0.71	5.13				N	N	
Keyword Ideas	prestamos a jubilados	EUR	10 – 100	1.00	1.60				N	N	
Keyword Ideas	calcular prestamos personales	EUR	100 – 1K	0.88	1.54				N	N	
Keyword Ideas	pedir credito online	EUR	100 – 1K	1.00	2.74				N	N	
Keyword Ideas	creditos al consumo	EUR	100 – 1K	0.77	1.87				N	N	
Keyword Ideas	prestamos solo con dni	EUR	10 – 100	0.99	2.01				N	N	
Keyword Ideas	prestamos y creditos	EUR	100 – 1K	0.76	1.79				N	N	
Keyword Ideas	prestamos al consumo	EUR	100 – 1K	0.91	1.62				N	N	
Keyword Ideas	microcreditos rapidos online	EUR	100 – 1K	0.61	2.64				N	N	
Keyword Ideas	creditos faciles y rapidos	EUR	100 – 1K	0.98	3.18				N	N	
Keyword Ideas	mini credito online	EUR	100 – 1K	0.88	2.61				N	N	
Keyword Ideas	prestamos para estudiantes	EUR	100 – 1K	0.96	1.34				N	N	
Keyword Ideas	necesito prestamo	EUR	10 – 100	0.95	1.63				N	N	
Keyword Ideas	mini creditos personales	EUR	100 – 1K	0.89	1.23				N	N	
Keyword Ideas	credito rapido y facil	EUR	10 – 100	0.99	3.37				N	N	
Keyword Ideas	prestamos rapidos sin aval	EUR	100 – 1K	0.94	3.05				N	N	
Keyword Ideas	dinero rapido prestamos	EUR	100 – 1K	0.98	2.00				N	N	
Keyword Ideas	presta internet	EUR	10 – 100	0.91	3.19				N	N	
Keyword Ideas	financieras prestamos	EUR	100 – 1K	0.96	2.09				N	N	
Keyword Ideas	prestamos de dinero sin aval	EUR	100 – 1K	0.52	1.89				N	N	
Keyword Ideas	prestamos rapidos sin nomina	EUR	1K – 10K	0.97	2.52				N	N	
Keyword Ideas	creditos rapidos sin nomina	EUR	1K – 10K	0.97	2.43				N	N	
Keyword Ideas	pedir un prestamo personal	EUR	100 – 1K	0.98	3.06				N	N	
Keyword Ideas	préstamos personales online	EUR	100 – 1K	0.99	2.35				N	N	
Keyword Ideas	credito prestamos	EUR	100 – 1K	0.96	2.70				N	N	
Keyword Ideas	prestamos de dinero personales	EUR	10 – 100	0.96					N	N	
Keyword Ideas	pedir un prestamo rapido	EUR	100 – 1K	0.78	2.32				N	N	
Keyword Ideas	necesito un credito	EUR	10 – 100	0.99	2.39				N	N	
Keyword Ideas	préstamos bancarios	EUR	10 – 100	0.92	1.39				N	N	
Keyword Ideas	prestamos rapidos sin aval entre particulares	EUR	100 – 1K	0.97	1.95				N	N	
Keyword Ideas	prestamos personales en efectivo	EUR	10 – 100	0.98	2.10				N	N	
Keyword Ideas	creditos en linea rapidos	EUR	10 – 100	1.00	1.53				N	N	
Keyword Ideas	prestamos bancarios personales	EUR	10 – 100	1.00	2.99				N	N	
Keyword Ideas	requisitos para prestamos personales	EUR	10 – 100	0.99	3.95				N	N	
Keyword Ideas	credito para empresas	EUR	100 – 1K	0.59	3.03				N	N	
Keyword Ideas	mini creditos	EUR	1K – 10K	0.94	2.57				N	N	
Keyword Ideas	credito urgente online	EUR	100 – 1K	0.97	2.57				N	N	
Keyword Ideas	prestamos bajo interes	EUR	100 – 1K	0.99	1.91				N	N	
Keyword Ideas	mini prestamos urgentes online	EUR	100 – 1K	0.47	1.79				N	N	
Keyword Ideas	prestamos para construccion	EUR	10 – 100	0.89	0.52				N	N	
Keyword Ideas	prestamos rapidos on line	EUR	100 – 1K	0.98	3.87				N	N	
Keyword Ideas	creditos universitarios	EUR	100 – 1K	0.35	1.08				N	N	
Keyword Ideas	prestamos 24 horas	EUR	100 – 1K	0.88	1.95				N	N	
Keyword Ideas	como conseguir un prestamo rapido	EUR	10 – 100	0.63	3.37				N	N	
Keyword Ideas	prestamos de dinero por internet	EUR	10 – 100						N	N	
Keyword Ideas	prestamos online al instante	EUR	100 – 1K	0.83	2.73				N	N	
Keyword Ideas	solicitar prestamos	EUR	100 – 1K	0.99	2.76				N	N	
Keyword Ideas	micro prestamos rapidos	EUR	100 – 1K	0.99	2.54				N	N	
Keyword Ideas	prestamos online ya	EUR	10 – 100	1.00	2.10				N	N	
Keyword Ideas	prestamos asnef	EUR	1K – 10K	0.98	1.11				N	N	
Keyword Ideas	prestamos individuales	EUR	10 – 100	1.00					N	N	
Keyword Ideas	prestamo credito	EUR	10 – 100	0.93	1.85				N	N	
Keyword Ideas	minicreditos online al momento	EUR	100 – 1K	0.98	2.10				N	N	
Keyword Ideas	prestamos seguros	EUR	10 – 100	0.98	2.09				N	N	
Keyword Ideas	solicitar un prestamo personal	EUR	10 – 100	0.98	2.75				N	N	
Keyword Ideas	creditos personales baratos	EUR	100 – 1K	0.99	1.75				N	N	
Keyword Ideas	prestamo urgente online	EUR	100 – 1K	0.98	2.16				N	N	
Keyword Ideas	prestamos urgentes sin aval	EUR	100 – 1K	0.72	2.54				N	N	
Keyword Ideas	creditos a plazos	EUR	100 – 1K	1.00	2.22				N	N	
Keyword Ideas	tipos de interes prestamos personales	EUR	100 – 1K	0.90	3.03				N	N	
Keyword Ideas	credito online al instante	EUR	100 – 1K	0.81	2.73				N	N	
Keyword Ideas	mini credito al instante	EUR	100 – 1K	0.60	2.46				N	N	
Keyword Ideas	solicitar prestamos online	EUR	10 – 100	1.00	3.36				N	N	
Keyword Ideas	prestamo rapido y facil	EUR	100 – 1K	1.00	2.86				N	N	
Keyword Ideas	creditos al instante online	EUR	100 – 1K	0.58	2.83				N	N	
Keyword Ideas	credi banco	EUR	10 – 100	0.93	1.92				N	N	
Keyword Ideas	prestamos de dinero inmediato	EUR	10 – 100	1.00	2.94				N	N	
Keyword Ideas	prestamo personal rapido	EUR	10 – 100	0.99	3.44				N	N	
Keyword Ideas	donde pedir un prestamo personal	EUR	10 – 100	0.99	2.39				N	N	
Keyword Ideas	credito dinero	EUR	10 – 100	0.79	3.49				N	N	
Keyword Ideas	necesito un prestamo personal	EUR	10 – 100	0.96	3.84				N	N	
Keyword Ideas	solicitud credito	EUR	10 – 100	0.96	3.94				N	N	
Keyword Ideas	minicreditos nuevos online	EUR	100 – 1K	0.94	1.75				N	N	
Keyword Ideas	mini prestamos nuevos	EUR	100 – 1K	0.96	1.56				N	N	
Keyword Ideas	creditos rapidos on line	EUR	100 – 1K	0.76	3.26				N	N	
Keyword Ideas	prestamos financieros	EUR	100 – 1K	0.94	1.88				N	N	
Keyword Ideas	solicitar prestamos personales	EUR	10 – 100	0.99	2.70				N	N	
Keyword Ideas	prestamos para coches	EUR	1K – 10K	0.99	2.76				N	N	
Keyword Ideas	prestamos urgentes en efectivo	EUR	100 – 1K	0.98	1.94				N	N	
Keyword Ideas	prestamo online al instante	EUR	10 – 100	0.93	2.26				N	N	
Keyword Ideas	prestamos a sola firma	EUR	10 – 100	0.93	2.90				N	N	
Keyword Ideas	prestamos rapidos hoy	EUR	10 – 100	1.00	2.69				N	N	
Keyword Ideas	intereses prestamos	EUR	100 – 1K	0.71	1.97				N	N	
Keyword Ideas	mini creditos rapidos online	EUR	100 – 1K	0.60	2.38				N	N	
Keyword Ideas	intereses de prestamos personales	EUR	10 – 100	0.97	3.10				N	N	
Keyword Ideas	prestamo de dinero facil	EUR	10 – 100	1.00	3.12				N	N	
Keyword Ideas	prestamos dinero rapido	EUR	100 – 1K	0.97	2.63				N	N	
Keyword Ideas	prestamos sin requisitos	EUR	10 – 100	0.99	1.81				N	N	
Keyword Ideas	hipotecaria	EUR	100 – 1K	0.60	2.24				N	N	
Keyword Ideas	credito 300 euros	EUR	100 – 1K	0.89	2.25				N	N	
Keyword Ideas	credito inmediato online	EUR	100 – 1K	0.94	2.72				N	N	
Keyword Ideas	prestamos seguros y rapidos	EUR	10 – 100	0.99	2.77				N	N	
Keyword Ideas	prestamos privados	EUR	100 – 1K	0.96	2.04				N	N	
Keyword Ideas	préstamo bancario	EUR	10 – 100	0.70	2.22				N	N	
Keyword Ideas	buscar prestamos rapidos	EUR	10 – 100	1.00	4.45				N	N	
Keyword Ideas	credito individual	EUR	10 – 100	0.57					N	N	
Keyword Ideas	intereses de prestamos	EUR	10 – 100	0.75	1.15				N	N	
Keyword Ideas	mini prestamo online	EUR	100 – 1K	0.55	2.04				N	N	
Keyword Ideas	pedir minicréditos	EUR	10 – 100	0.90	1.68				N	N	
Keyword Ideas	como solicitar un credito	EUR	10 – 100	1.00	4.36				N	N	
Keyword Ideas	pedir credito personal	EUR	100 – 1K	0.99	2.70				N	N	
Keyword Ideas	mini prestamos online rapidos	EUR	10 – 100	0.94	3.16				N	N	
Keyword Ideas	creditos en 24 horas	EUR	100 – 1K	0.96	2.23				N	N	
Keyword Ideas	prestamo 300 euros	EUR	100 – 1K	0.98	2.29				N	N	
Keyword Ideas	credito 24 horas	EUR	100 – 1K	0.99	2.61				N	N	
Keyword Ideas	prestamos rapidos y seguros	EUR	10 – 100	1.00	3.55				N	N	
Keyword Ideas	dinero credito	EUR	100 – 1K	0.93	2.31				N	N	
Keyword Ideas	ya creditos personales	EUR	10 – 100						N	N	
Keyword Ideas	prestamos personales bancarios	EUR	10 – 100	0.98	1.34				N	N	
Keyword Ideas	banco prestamos	EUR	10 – 100	0.95	1.83				N	N	
Keyword Ideas	credito comercial	EUR	100 – 1K	0.12	3.57				N	N	
Keyword Ideas	prestamos a plazos online	EUR	100 – 1K	1.00	2.44				N	N	
Keyword Ideas	credito empresas	EUR	100 – 1K	0.82	3.72				N	N	
Keyword Ideas	prestamos personales online urgentes	EUR	10 – 100	1.00	3.18				N	N	
Keyword Ideas	prestamos sin nomina ni aval	EUR	100 – 1K	1.00	2.33				N	N	
Keyword Ideas	como obtener un prestamo rapido	EUR	10 – 100	1.00					N	N	
Keyword Ideas	prestamos al instante online	EUR	100 – 1K	0.95	1.98				N	N	
Keyword Ideas	creditos online a plazos	EUR	100 – 1K	0.99	2.99				N	N	
Keyword Ideas	creditos personales online rapidos	EUR	10 – 100	1.00	4.02				N	N	
Keyword Ideas	prestamos personales rapidos online	EUR	10 – 100	0.99	2.71				N	N	
Keyword Ideas	prestamos personales de dinero	EUR	10 – 100	1.00	5.62				N	N	
Keyword Ideas	creditos en el acto	EUR	10 – 100	1.00	2.54				N	N	
Keyword Ideas	prestamos empresas	EUR	100 – 1K	0.97	3.65				N	N	
Keyword Ideas	prestamos por telefono	EUR	100 – 1K	0.99	1.84				N	N	
Keyword Ideas	prestamos personales bancos	EUR	10 – 100	0.97	1.88				N	N	
Keyword Ideas	prestamo consumo	EUR	100 – 1K	0.95	1.96				N	N	
Keyword Ideas	creditos mini	EUR	100 – 1K	0.93	2.16				N	N	
Keyword Ideas	banco prestamos personales	EUR	10 – 100	0.99	2.67				N	N	
Keyword Ideas	tipos de prestamos	EUR	100 – 1K	0.58	2.62				N	N	
Keyword Ideas	el mejor prestamo personal	EUR	100 – 1K	0.99	2.75				N	N	
Keyword Ideas	credito vivienda	EUR	10 – 100	0.46	1.37				N	N	
Keyword Ideas	miniprestamo	EUR	100 – 1K	0.98	2.11				N	N	
Keyword Ideas	solicitud de prestamos personales	EUR	10 – 100	1.00	3.99				N	N	
Keyword Ideas	dinero prestado	EUR	100 – 1K	0.96	1.69				N	N	
Keyword Ideas	credito facil online	EUR	100 – 1K	0.92	2.84				N	N	
Keyword Ideas	creditos por internet rapidos	EUR	10 – 100	1.00	1.85				N	N	
Keyword Ideas	prestamos en 24 horas	EUR	100 – 1K	0.98	2.02				N	N	
Keyword Ideas	solicitar un prestamo	EUR	100 – 1K	0.99	2.44				N	N	
Keyword Ideas	mini prestamo urgente	EUR	100 – 1K	0.42	1.33				N	N	
Keyword Ideas	cuota prestamo	EUR	100 – 1K	0.58	1.19				N	N	
Keyword Ideas	credito consolidado	EUR	10 – 100	0.87	3.49				N	N	
Keyword Ideas	micro prestamos al instante	EUR	100 – 1K	0.97	2.65				N	N	
Keyword Ideas	prestamos ico	EUR	1K – 10K	0.75	1.02				N	N	
Keyword Ideas	minicreditos online nuevos	EUR	100 – 1K	0.96	1.33				N	N	
Keyword Ideas	creditos rapidos por internet	EUR	10 – 100	1.00	2.80				N	N	
Keyword Ideas	credito personal online	EUR	10 – 100	0.69	2.15				N	N	
Keyword Ideas	comparativa prestamos	EUR	10 – 100	0.99	1.72				N	N	
Keyword Ideas	prestamos personales entre particulares	EUR	10 – 100	0.97	1.22				N	N	
Keyword Ideas	hipotecas 100	EUR	1K – 10K	0.94	1.74				N	N	
Keyword Ideas	prestamos sin buro	EUR	10 – 100	0.92	3.34				N	N	
Keyword Ideas	prestamos personales requisitos	EUR	10 – 100	0.93	5.17				N	N	
Keyword Ideas	como pedir prestamo personal	EUR	10 – 100	0.97	2.25				N	N	
Keyword Ideas	minicreditos online rapidos	EUR	10 – 100	0.89	2.83				N	N	
Keyword Ideas	prestamos de dinero online	EUR	10 – 100	1.00	2.43				N	N	
Keyword Ideas	creditos de dinero	EUR	10 – 100	1.00	2.17				N	N	
Keyword Ideas	simulador prestamo personal	EUR	1K – 10K	0.80	1.07				N	N	
Keyword Ideas	linea credito	EUR	10 – 100	0.89	2.06				N	N	
Keyword Ideas	credito asnef	EUR	1K – 10K	0.98	1.21				N	N	
Keyword Ideas	pedir credito de consumo	EUR	10 – 100						N	N	
Keyword Ideas	creditos nuevos online	EUR	100 – 1K	0.99	1.60				N	N	
Keyword Ideas	micro creditos inmediatos online	EUR	10 – 100	1.00	3.48				N	N	
Keyword Ideas	prestamo hipotecarios	EUR	10 – 100	0.75	2.58				N	N	
Keyword Ideas	creditos inmediatos por internet	EUR	10 – 100	1.00	8.60				N	N	
Keyword Ideas	webcredito	EUR	10 – 100	0.14					N	N	
Keyword Ideas	mini creditos online rapidos	EUR	10 – 100	0.92	2.80				N	N	
Keyword Ideas	prestamos personales banco	EUR	10 – 100	0.96	1.68				N	N	
Keyword Ideas	solicitar prestamo rapido	EUR	100 – 1K	1.00	2.53				N	N	
Keyword Ideas	simulador prestamos	EUR	10K – 100K	0.64	0.57				N	N	
Keyword Ideas	creditos rapidos con asnef online	EUR	100 – 1K	0.91	1.76				N	N	
Keyword Ideas	prestamos personales bajo interes	EUR	10 – 100	0.98	3.31				N	N	
Keyword Ideas	como sacar un prestamo	EUR	10 – 100	0.99	1.97				N	N	
Keyword Ideas	ofertas prestamos personales	EUR	10 – 100	0.99	2.24				N	N	
Keyword Ideas	credito hipotecarios	EUR	10 – 100	0.86	2.11				N	N	
Keyword Ideas	simulador prestamos personales	EUR	1K – 10K	0.92	1.15				N	N	
Keyword Ideas	prestamos inmediatos sin aval	EUR	10 – 100	1.00	2.52				N	N	
Keyword Ideas	dinero ya prestamos	EUR	10 – 100	1.00					N	N	
Keyword Ideas	tarjetas de credito online	EUR	1K – 10K	0.99	2.43				N	N	
Keyword Ideas	prestamos con tarjeta de credito	EUR	10 – 100	1.00	2.31				N	N	
Keyword Ideas	credito instantaneo	EUR	100 – 1K	1.00	2.79				N	N	
Keyword Ideas	solicitar prestamo personal online	EUR	10 – 100	0.99	1.92				N	N	
Keyword Ideas	microcreditos online al instante	EUR	100 – 1K	0.50	2.16				N	N	
Keyword Ideas	credito puente	EUR	100 – 1K	0.62	1.65				N	N	
Keyword Ideas	solicitud prestamo personal	EUR	10 – 100	1.00	7.17				N	N	
Keyword Ideas	mini creditos urgentes	EUR	100 – 1K	0.65	2.57				N	N	
Keyword Ideas	mini prestamos rapidos online	EUR	10 – 100	0.95	2.44				N	N	
Keyword Ideas	prestamos personales inmediatos online	EUR	10 – 100	1.00	2.12				N	N	
Keyword Ideas	creditos para autos	EUR	10 – 100	1.00	2.14				N	N	
Keyword Ideas	prestamos faciles en 15 minutos	EUR	10 – 100	1.00	4.55				N	N	
Keyword Ideas	prestamos express online	EUR	10 – 100	0.96	2.86				N	N	
Keyword Ideas	financieras prestamos rapidos	EUR	10 – 100	1.00	3.50				N	N	
Keyword Ideas	prestamos rapidos personales	EUR	10 – 100	1.00	2.68				N	N	
Keyword Ideas	prestamos avance	EUR	10 – 100	0.93	1.72				N	N	
Keyword Ideas	prestamo online urgente	EUR	10 – 100	1.00	2.96				N	N	
Keyword Ideas	paginas de prestamos	EUR	100 – 1K	0.70	2.78				N	N	
Keyword Ideas	prestamos prendarios	EUR	10 – 100	0.93					N	N	
Keyword Ideas	prestamos 100 online	EUR	10 – 100	0.97	2.01				N	N	
Keyword Ideas	creditos para microempresas	EUR	10 – 100	0.71					N	N	
Keyword Ideas	prestamos rapidos y faciles en linea	EUR	10 – 100	1.00	2.23				N	N	
Keyword Ideas	prestamos pequeños inmediatos	EUR	10 – 100	0.98	2.49				N	N	
Keyword Ideas	mejor hipoteca	EUR	1K – 10K	0.90	1.62				N	N	
Keyword Ideas	préstamos en efectivo	EUR	10 – 100	0.79	1.59				N	N	
Keyword Ideas	creditos personales inmediatos	EUR	10 – 100	1.00	2.06				N	N	
Keyword Ideas	pedir crédito	EUR	10 – 100	0.97	2.94				N	N	
Keyword Ideas	cooperativa de credito	EUR	100 – 1K	0.46	1.04				N	N	
Keyword Ideas	simulador de prestamos	EUR	1K – 10K	0.75	0.63				N	N	
Keyword Ideas	necesito credito	EUR	10 – 100	1.00	1.23				N	N	
Keyword Ideas	prestamos con garantia	EUR	10 – 100	0.87	2.65				N	N	
Keyword Ideas	tipo de interes prestamo personal	EUR	100 – 1K	0.88	2.40				N	N	
Keyword Ideas	prestamos inmobiliarios	EUR	10 – 100	0.93	1.42				N	N	
Keyword Ideas	prestamos a credito	EUR	10 – 100	1.00					N	N	
Keyword Ideas	pedir prestamos online	EUR	10 – 100	1.00	2.55				N	N	
Keyword Ideas	creditos prendarios	EUR	10 – 100	0.93					N	N	
Keyword Ideas	los mejores prestamos personales	EUR	100 – 1K	0.99	2.08				N	N	
Keyword Ideas	pedir prestamos personales	EUR	10 – 100	0.93	2.80				N	N	
Keyword Ideas	prestamos rapidos por telefono	EUR	10 – 100	0.97	2.12				N	N	
Keyword Ideas	mini prestamos inmediatos	EUR	100 – 1K	0.47	2.83				N	N	
Keyword Ideas	prestamos de credito	EUR	10 – 100	0.95	1.57				N	N	
Keyword Ideas	prestamos instantaneos	EUR	100 – 1K	0.99	2.50				N	N	
Keyword Ideas	mini prestamos personal	EUR	10 – 100	1.00	1.93				N	N	
Keyword Ideas	solicitar tarjeta de credito	EUR	1K – 10K	1.00	3.42				N	N	
Keyword Ideas	créditos rápidos faciles	EUR	10 – 100	0.99	4.53				N	N	
Keyword Ideas	prestamos rapidos asnef	EUR	1K – 10K	0.99	1.50				N	N	
Keyword Ideas	unificar deudas	EUR	100 – 1K	0.98	1.80				N	N	
Keyword Ideas	creditos rapidos y seguros	EUR	10 – 100	1.00	3.21				N	N	
Keyword Ideas	creditos personales rapidos online	EUR	10 – 100	1.00	3.43				N	N	
Keyword Ideas	tarjeta credito	EUR	1K – 10K	0.97	4.06				N	N	
Keyword Ideas	microcreditos rapidos al instante	EUR	100 – 1K	0.34	1.60				N	N	
Keyword Ideas	financiero	EUR	1K – 10K	0.76	1.82				N	N	
Keyword Ideas	prestamos sin garantia	EUR	10 – 100	0.99	2.23				N	N	
Keyword Ideas	micro prestamos inmediatos	EUR	10 – 100	1.00	2.35				N	N	
Keyword Ideas	prestamos personales intereses	EUR	10 – 100	0.94	2.99				N	N	
Keyword Ideas	prestamos con dinero	EUR	10 – 100						N	N	
Keyword Ideas	requisitos para un prestamo personal	EUR	10 – 100	0.95	2.77				N	N	
Keyword Ideas	simulador de prestamos personales	EUR	100 – 1K	0.89	1.20				N	N	
Keyword Ideas	calcular un prestamo	EUR	100 – 1K	0.83	0.98				N	N	
Keyword Ideas	prestamos 24 horas online	EUR	10 – 100	1.00	2.25				N	N	
Keyword Ideas	credito o prestamo	EUR	10 – 100	0.76	1.52				N	N	
Keyword Ideas	pedir prestamo rapido por internet	EUR	10 – 100	1.00	3.36				N	N	
Keyword Ideas	creditos rapidos nuevos	EUR	10 – 100	1.00	2.62				N	N	
Keyword Ideas	subrogacion hipoteca	EUR	1K – 10K	0.78	1.88				N	N	
Keyword Ideas	mejores prestamos	EUR	100 – 1K	0.96	2.07				N	N	
Keyword Ideas	tarjetas de credito	EUR	10K – 100K	0.95	4.22				N	N	
Keyword Ideas	prestamos de dinero rapido en linea	EUR	10 – 100						N	N	
Keyword Ideas	carta credito	EUR	10 – 100	0.33					N	N	
Keyword Ideas	nuevos creditos rapidos	EUR	10 – 100	0.94	2.63				N	N	
Keyword Ideas	solicitar credito personal	EUR	10 – 100	1.00	2.55				N	N	
Keyword Ideas	minicreditos al momento	EUR	100 – 1K	1.00	2.84				N	N	
Keyword Ideas	credito con garantia hipotecaria	EUR	10 – 100	0.92	2.44				N	N	
Keyword Ideas	prestamos personales particulares	EUR	10 – 100	1.00	2.32				N	N	
Keyword Ideas	pedir dinero online	EUR	10 – 100	1.00	1.88				N	N	
Keyword Ideas	minicreditos online al instante	EUR	100 – 1K	0.75	2.45				N	N	
Keyword Ideas	como pedir prestamo en personal	EUR	10 – 100	1.00	1.48				N	N	
Keyword Ideas	credito familiar	EUR	10 – 100	0.94	1.98				N	N	
Keyword Ideas	prestamo personal rapido online	EUR	10 – 100	1.00	3.54				N	N	
Keyword Ideas	prestamos del gobierno	EUR	10 – 100	0.81					N	N	
Keyword Ideas	credito ya telefono	EUR	10 – 100	0.99	1.62				N	N	
Keyword Ideas	como pedir un prestamo personal	EUR	10 – 100	0.97	3.13				N	N	
Keyword Ideas	simulador de credito	EUR	1K – 10K	0.83	0.77				N	N	
Keyword Ideas	simulador hipoteca	EUR	10K – 100K	0.60	0.76				N	N	
Keyword Ideas	prestamos online en minutos	EUR	10 – 100						N	N	
Keyword Ideas	prestamos sin credito	EUR	10 – 100	1.00	3.84				N	N	
Keyword Ideas	pedir un credito rapido	EUR	100 – 1K	0.85	3.53				N	N	
Keyword Ideas	mini prestamos online inmediatos	EUR	10 – 100	1.00	1.97				N	N	
Keyword Ideas	calcula tu prestamo	EUR	100 – 1K	0.79	1.58				N	N	
Keyword Ideas	tarjetas de credito gratis	EUR	1K – 10K	0.95	2.17				N	N	
Keyword Ideas	presto dinero urgente	EUR	10 – 100	1.00	3.06				N	N	
Keyword Ideas	tipo interes prestamo personal	EUR	100 – 1K	0.89	2.54				N	N	
Keyword Ideas	credito hipotecario	EUR	100 – 1K	0.92	2.10				N	N	
Keyword Ideas	prestamo o credito	EUR	10 – 100	0.44	2.45				N	N	
Keyword Ideas	prestamos para pymes	EUR	10 – 100	0.98	2.58				N	N	
Keyword Ideas	mini creditos instantaneos	EUR	10 – 100	1.00					N	N	
Keyword Ideas	prestamo de personal	EUR	10 – 100	0.93					N	N	
Keyword Ideas	prestamos rapidos para pagar a plazos	EUR	100 – 1K	1.00	2.98				N	N	
Keyword Ideas	mejor credito personal	EUR	100 – 1K	0.96	1.69				N	N	
Keyword Ideas	reunificar creditos	EUR	100 – 1K	0.98	1.62				N	N	
Keyword Ideas	prestamos personales sin nomina	EUR	100 – 1K	0.99	2.06				N	N	
Keyword Ideas	busco prestamos dinero rapido	EUR	10 – 100	1.00	2.51				N	N	
Keyword Ideas	prestamos web	EUR	10 – 100	0.68	1.41				N	N	
Keyword Ideas	mini créditos a plazos	EUR	100 – 1K	0.99	2.43				N	N	
Keyword Ideas	creditos rapidos en linea	EUR	10 – 100						N	N	
Keyword Ideas	prestamos personales con dni	EUR	10 – 100	1.00					N	N	
Keyword Ideas	prestamos instantaneos online	EUR	10 – 100	1.00	3.29				N	N	
Keyword Ideas	paginas de creditos	EUR	100 – 1K	0.86	1.98				N	N	
Keyword Ideas	pedir prestamos rapidos	EUR	10 – 100	1.00	2.89				N	N	
Keyword Ideas	prestamos particulares rapidos	EUR	10 – 100	1.00	3.45				N	N	
Keyword Ideas	credito ahora	EUR	10 – 100	0.96	1.66				N	N	
Keyword Ideas	condiciones prestamos personales	EUR	10 – 100	0.96	3.41				N	N	
Keyword Ideas	quiero un prestamo	EUR	10 – 100	0.99	1.94				N	N	
Keyword Ideas	prestamos online para pagar a plazos	EUR	100 – 1K	0.99	3.22				N	N	
Keyword Ideas	prestamos rapidos y faciles online	EUR	10 – 100	0.96	1.69				N	N	
Keyword Ideas	prestamo hipotecario	EUR	1K – 10K	0.93	2.33				N	N	
Keyword Ideas	prestamos rapidos online con asnef	EUR	100 – 1K	0.99	1.76				N	N	
Keyword Ideas	prestamos urgentes por internet	EUR	10 – 100	1.00					N	N	
Keyword Ideas	minicreditos on line	EUR	10 – 100	0.49	2.27				N	N	
Keyword Ideas	prestamos personales sin requisitos	EUR	10 – 100	0.99	1.73				N	N	
Keyword Ideas	mini creditos para pagar a plazos	EUR	100 – 1K	1.00	2.32				N	N	
Keyword Ideas	prestamos personales a bajo interes	EUR	10 – 100	1.00	2.56				N	N	
Keyword Ideas	credi rapido	EUR	100 – 1K	0.98	4.06				N	N	
Keyword Ideas	mejores creditos personales	EUR	100 – 1K	0.98	1.85				N	N	
Keyword Ideas	requisitos prestamo personal	EUR	10 – 100	0.92	4.03				N	N	
Keyword Ideas	credito al consumo	EUR	100 – 1K	0.60	1.47				N	N	
Keyword Ideas	solicitar un prestamo online	EUR	10 – 100	1.00	4.11				N	N	
Keyword Ideas	tarjeta de credito visa	EUR	100 – 1K	0.83	2.27				N	N	
Keyword Ideas	credito universitario	EUR	100 – 1K	0.52	1.42				N	N	
Keyword Ideas	donde conseguir un prestamo rapido	EUR	10 – 100	1.00	4.73				N	N	
Keyword Ideas	prestamos pequeños y rapidos	EUR	10 – 100	1.00	2.41				N	N	
Keyword Ideas	online credito	EUR	10 – 100	0.99	1.86				N	N	
Keyword Ideas	necesito prestamo urgente	EUR	10 – 100	1.00	2.16				N	N	
Keyword Ideas	credito rapidos online	EUR	10 – 100	0.99	3.70				N	N	
Keyword Ideas	mejores tarjetas de credito	EUR	100 – 1K	0.93	1.81				N	N	
Keyword Ideas	prestamo urgente en linea	EUR	10 – 100	1.00	2.45				N	N	
Keyword Ideas	prestamos para	EUR	10 – 100	0.82	2.58				N	N	
Keyword Ideas	credito auto	EUR	10 – 100	0.83	1.59				N	N	
Keyword Ideas	agrupar prestamos	EUR	100 – 1K	1.00	2.21				N	N	
Keyword Ideas	prestamos de efectivo	EUR	10 – 100						N	N	
Keyword Ideas	ver prestamos personales	EUR	10 – 100	1.00	2.91				N	N	
Keyword Ideas	prestamos pequeños rapidos	EUR	10 – 100	1.00	2.76				N	N	
Keyword Ideas	mini prestamos online nuevos	EUR	10 – 100	1.00	1.88				N	N	
Keyword Ideas	prestamos a bajo interes	EUR	100 – 1K	0.99	2.28				N	N	
Keyword Ideas	intereses en prestamos personales	EUR	10 – 100	0.91	1.66				N	N	
Keyword Ideas	creditos personales por internet	EUR	10 – 100						N	N	
Keyword Ideas	prestamos si	EUR	10 – 100	0.93	1.44				N	N	
Keyword Ideas	sacar un credito	EUR	10 – 100	0.98	1.36				N	N	
Keyword Ideas	prestamos personales solo con dni	EUR	10 – 100	0.84	2.19				N	N	
Keyword Ideas	solicitar un credito rapido	EUR	10 – 100	0.97	3.07				N	N	
Keyword Ideas	creditos y prestamos rapidos	EUR	10 – 100	0.94	3.34				N	N	
Keyword Ideas	credito prendario	EUR	10 – 100	0.80	1.01				N	N	
Keyword Ideas	buscar creditos rapidos	EUR	10 – 100	1.00	2.86				N	N	
Keyword Ideas	credito rapido web	EUR	10 – 100						N	N	
Keyword Ideas	rapido credito	EUR	10 – 100	1.00	2.80				N	N	
Keyword Ideas	obtener credito	EUR	10 – 100	1.00	1.63				N	N	
Keyword Ideas	credito 300	EUR	10 – 100	1.00	2.50				N	N	
Keyword Ideas	prestamo 300	EUR	100 – 1K	0.82	2.43				N	N	
Keyword Ideas	creditos y rapidos	EUR	10 – 100	1.00	2.31				N	N	
Keyword Ideas	crédito rapido facil	EUR	10 – 100	0.97	2.80				N	N	
Keyword Ideas	credito personales rapidos	EUR	10 – 100	1.00	2.67				N	N	
Keyword Ideas	préstamo de dinero rápido	EUR	10 – 100	1.00	2.49				N	N	
Keyword Ideas	pedir un credito rapido por internet	EUR	10 – 100	0.91	4.47				N	N	
Keyword Ideas	crédito rápido 24 horas	EUR	10 – 100	1.00	3.23				N	N	
Keyword Ideas	prestamos personales en bancos	EUR	10 – 100	0.97	1.72				N	N	
Keyword Ideas	creditos y prestamos personales	EUR	10 – 100	1.00	4.08				N	N	
Keyword Ideas	prestamo personal online rapido	EUR	10 – 100	1.00	2.13				N	N	
Keyword Ideas	micro prestamos urgentes	EUR	10 – 100	1.00	3.04				N	N	
Keyword Ideas	los creditos	EUR	10 – 100	0.37					N	N	
Keyword Ideas	prestamos por internet rapidos y seguros	EUR	10 – 100						N	N	
Keyword Ideas	prestamos rapido online	EUR	10 – 100	1.00	3.75				N	N	
Keyword Ideas	solicitud de credito online	EUR	10 – 100	1.00	5.44				N	N	
Keyword Ideas	prestamo personal on line	EUR	10 – 100	1.00	2.22				N	N	
Keyword Ideas	solicitud prestamo online	EUR	10 – 100	0.99	4.89				N	N	
Keyword Ideas	personal presta	EUR	10 – 100	1.00					N	N	
Keyword Ideas	solicitar credito rapido online	EUR	10 – 100	0.27	3.42				N	N	
Keyword Ideas	prestamo vivienda	EUR	10 – 100	0.86	1.26				N	N	
Keyword Ideas	microcrédito	EUR	100 – 1K	0.95	3.04				N	N	
Keyword Ideas	solicitar prestamos rapidos	EUR	10 – 100	1.00	3.09				N	N	
Keyword Ideas	prestamos personales en el acto	EUR	10 – 100	1.00	2.08				N	N	
Keyword Ideas	prestamos en el momento	EUR	10 – 100	1.00	2.38				N	N	
Keyword Ideas	credito privado	EUR	100 – 1K	0.99	1.93				N	N	
Keyword Ideas	hipoteca puente	EUR	100 – 1K	0.66	0.87				N	N	
Keyword Ideas	credito para casa	EUR	10 – 100	0.89	2.03				N	N	
Keyword Ideas	credito efectivo	EUR	10 – 100	0.83	2.13				N	N	
Keyword Ideas	creditos rapidos para pagar a plazos	EUR	10 – 100	1.00	2.44				N	N	
Keyword Ideas	crediti	EUR	100 – 1K	0.85	1.33				N	N	
Keyword Ideas	como obtener un prestamo	EUR	10 – 100	1.00	1.17				N	N	
Keyword Ideas	prestamos para empresas	EUR	100 – 1K	0.98	3.24				N	N	
Keyword Ideas	prestamos pymes	EUR	100 – 1K	0.96	2.35				N	N	
Keyword Ideas	prestamos en 15 minutos	EUR	100 – 1K	0.97	2.31				N	N	
Keyword Ideas	requisitos para prestamos bancarios	EUR	10 – 100	0.90					N	N	
Keyword Ideas	creditos internet	EUR	10 – 100	0.98	2.39				N	N	
Keyword Ideas	prestamos minicreditos	EUR	10 – 100	1.00	3.16				N	N	
Keyword Ideas	prestamos online en cuotas	EUR	10 – 100	1.00					N	N	
Keyword Ideas	solicitar prestamo personal por internet	EUR	100 – 1K	0.97	3.01				N	N	
Keyword Ideas	prestamo en personal	EUR	10 – 100	1.00					N	N	
Keyword Ideas	préstamos personales rápidos	EUR	10 – 100	0.94	3.21				N	N	
Keyword Ideas	online prestamos	EUR	10 – 100	1.00	2.89				N	N	
Keyword Ideas	creditos rapidos a plazos	EUR	100 – 1K	1.00	3.51				N	N	
Keyword Ideas	creditos personales sin requisitos	EUR	10 – 100	1.00	1.75				N	N	
Keyword Ideas	credifacil	EUR	100 – 1K	0.92	0.99				N	N	
Keyword Ideas	calcular hipoteca	EUR	10K – 100K	0.60	0.74				N	N	
Keyword Ideas	credito gratis	EUR	100 – 1K	0.97	2.11				N	N	
Keyword Ideas	quiero un prestamo personal	EUR	10 – 100	0.99	2.75				N	N	
Keyword Ideas	pedir creditos rapidos	EUR	10 – 100	1.00	2.91				N	N	
Keyword Ideas	busco prestamos personales	EUR	10 – 100	1.00	2.85				N	N	
Keyword Ideas	prestamos para pagar a plazos	EUR	10 – 100	1.00	2.35				N	N	
Keyword Ideas	calcular prestamo hipotecario	EUR	1K – 10K	0.64	0.90				N	N	
Keyword Ideas	dineo credito telefono	EUR	10 – 100	0.93	5.08				N	N	
Keyword Ideas	creditos personales urgentes	EUR	10 – 100	1.00	2.19				N	N	
Keyword Ideas	pedir mini credito	EUR	10 – 100	1.00	3.17				N	N	
Keyword Ideas	donde pedir un prestamo rapido	EUR	10 – 100	1.00	2.94				N	N	
Keyword Ideas	prestamos 100	EUR	10 – 100	0.99	2.25				N	N	
Keyword Ideas	paginas de prestamos online	EUR	10 – 100	0.99	3.22				N	N	
Keyword Ideas	seguro de credito	EUR	100 – 1K	0.74	2.34				N	N	
Keyword Ideas	creditos 100 online	EUR	10 – 100	1.00	2.70				N	N	
Keyword Ideas	pedir prestamo rapido y facil	EUR	10 – 100	1.00	2.90				N	N	
Keyword Ideas	requisitos prestamos personales	EUR	10 – 100	0.95	2.56				N	N	
Keyword Ideas	creditos gratis	EUR	100 – 1K	0.97	1.90				N	N	
Keyword Ideas	préstamos personales en línea	EUR	10 – 100						N	N	
Keyword Ideas	prestamos rapidos a plazos	EUR	100 – 1K	1.00	2.57				N	N	
Keyword Ideas	conseguir prestamo rapido	EUR	10 – 100	1.00	2.15				N	N	
Keyword Ideas	dinero prestado rapido	EUR	10 – 100	1.00	2.61				N	N	
Keyword Ideas	credito 300 euros instante	EUR	10 – 100	1.00	2.21				N	N	
Keyword Ideas	prestamos al personal	EUR	10 – 100	0.43					N	N	
Keyword Ideas	prestamos rapidos urgentes	EUR	10 – 100	0.89	3.02				N	N	
Keyword Ideas	mini prestamos para pagar a plazos	EUR	10 – 100	1.00	1.89				N	N	
Keyword Ideas	prestamos personales a plazos	EUR	10 – 100	1.00	1.94				N	N	
Keyword Ideas	prestamos de 300	EUR	10 – 100	0.96	1.94				N	N	
Keyword Ideas	credito directo	EUR	100 – 1K	0.95	2.18				N	N	
Keyword Ideas	mini creditos urgentes online	EUR	10 – 100	1.00	2.07				N	N	
Keyword Ideas	prestar dinero online	EUR	100 – 1K	0.98	2.46				N	N	
Keyword Ideas	calculadora de prestamo personal	EUR	10 – 100	0.75	1.61				N	N	
Keyword Ideas	reporte de credito	EUR	10 – 100	0.14					N	N	
Keyword Ideas	microcreditos online rapidos	EUR	10 – 100	0.99	2.63				N	N	
Keyword Ideas	entidades financieras	EUR	100 – 1K	0.56	1.10				N	N	
Keyword Ideas	prestamos de dinero bancos	EUR	10 – 100	1.00					N	N	
Keyword Ideas	calculo de prestamos	EUR	100 – 1K	0.54	0.94				N	N	
Keyword Ideas	solicitud de credito personal	EUR	10 – 100	1.00	2.65				N	N	
Keyword Ideas	reunificacion de deudas	EUR	1K – 10K	0.97	1.82				N	N	
Keyword Ideas	solicitud de prestamos online	EUR	10 – 100	1.00	4.14				N	N	
Keyword Ideas	mini prestamo al instante	EUR	10 – 100	0.39	2.07				N	N	
Keyword Ideas	solicitud credito online	EUR	10 – 100	1.00	3.52				N	N	
Keyword Ideas	creditos por telefono	EUR	100 – 1K	0.98	1.63				N	N	
Keyword Ideas	prestamos rapidisimos	EUR	10 – 100	0.99	1.66				N	N	
Keyword Ideas	prestamos ya online	EUR	10 – 100	0.95	2.05				N	N	
Keyword Ideas	casas de prestamos	EUR	10 – 100	0.97	1.98				N	N	
Keyword Ideas	financieras creditos rapidos	EUR	10 – 100	0.95	1.73				N	N	
Keyword Ideas	buro credito	EUR	10 – 100	0.43					N	N	
Keyword Ideas	préstamos on line	EUR	10 – 100	1.00	4.65				N	N	
Keyword Ideas	prestamos urgentes de dinero	EUR	10 – 100	0.62	3.02				N	N	
Keyword Ideas	prestamos en el banco	EUR	10 – 100	0.87	2.00				N	N	
Keyword Ideas	prestamos personales ya	EUR	10 – 100	1.00					N	N	
Keyword Ideas	pedir credito rapido online	EUR	10 – 100	1.00	4.94				N	N	
Keyword Ideas	creditos rapidos asnef	EUR	100 – 1K	0.98	1.93				N	N	
Keyword Ideas	prestamos intereses	EUR	10 – 100	0.87	2.11				N	N	
Keyword Ideas	donde puedo solicitar un prestamo rapido	EUR	10 – 100						N	N	
Keyword Ideas	creditos online nuevos	EUR	10 – 100	1.00	3.57				N	N	
Keyword Ideas	mini prestamo rapido online	EUR	10 – 100	1.00	2.13				N	N	
Keyword Ideas	su credito	EUR	1K – 10K	0.78	1.94				N	N	
Keyword Ideas	credito rapido a plazos	EUR	10 – 100	1.00	3.79				N	N	
Keyword Ideas	prestamos y creditos rapidos	EUR	10 – 100	1.00	3.13				N	N	
Keyword Ideas	creditos rapidos para todos	EUR	10 – 100	1.00	2.32				N	N	
Keyword Ideas	minicreditos instantaneos	EUR	10 – 100	1.00	2.37				N	N	
Keyword Ideas	donde conseguir prestamos rapidos	EUR	10 – 100	1.00	5.14				N	N	
Keyword Ideas	pedir credito online rapido	EUR	10 – 100	1.00	3.37				N	N	
Keyword Ideas	créditos personales on line	EUR	10 – 100	1.00	3.86				N	N	
Keyword Ideas	presta dinero facil	EUR	10 – 100	1.00					N	N	
Keyword Ideas	comparador hipotecas	EUR	1K – 10K	0.86	1.33				N	N	
Keyword Ideas	prestamos rapidos nuevos	EUR	10 – 100	1.00	2.38				N	N	
Keyword Ideas	mini creditos rapidos al instante	EUR	10 – 100	1.00					N	N	
Keyword Ideas	decreditos	EUR	10 – 100	0.46	3.03				N	N	
Keyword Ideas	como pedir el prestamo en personal	EUR	0 – 10						N	N	
Keyword Ideas	creditos personales en linea	EUR	10 – 100						N	N	
Keyword Ideas	prestamos urgentes on line	EUR	10 – 100	0.95	1.91				N	N	
Keyword Ideas	requisitos para prestamos	EUR	10 – 100	0.92	1.35				N	N	
Keyword Ideas	prestamos sin veraz	EUR	10 – 100						N	N	
Keyword Ideas	minicreditos rapidos con asnef online	EUR	100 – 1K	0.93	2.58				N	N	
Keyword Ideas	empresas prestamos rapidos	EUR	10 – 100	1.00	4.39				N	N	
Keyword Ideas	préstamo hipotecario	EUR	100 – 1K	0.90	2.54				N	N	
Keyword Ideas	credito empresarial	EUR	10 – 100	0.91	2.91				N	N	
Keyword Ideas	pedir un credito de consumo	EUR	10 – 100						N	N	
Keyword Ideas	pedir mini credito online	EUR	10 – 100	1.00	3.17				N	N	
Keyword Ideas	credito prestamo personal	EUR	10 – 100	0.93	3.17				N	N	
Keyword Ideas	mini creditos instantaneos online	EUR	10 – 100	1.00					N	N	
Keyword Ideas	prestamos y creditos online	EUR	10 – 100	1.00	2.25				N	N	
Keyword Ideas	nuevos prestamos rapidos	EUR	10 – 100	1.00	2.55				N	N	
Keyword Ideas	prestamo familiar	EUR	100 – 1K	0.45	1.07				N	N	
Keyword Ideas	credito s	EUR	10 – 100	0.97	2.48				N	N	
Keyword Ideas	mini credito rapido online	EUR	10 – 100	1.00	2.64				N	N	
Keyword Ideas	mini prestamos al momento	EUR	10 – 100	1.00	2.12				N	N	
Keyword Ideas	prestamos faciles online	EUR	10 – 100	1.00	1.49				N	N	
Keyword Ideas	paginas de creditos rapidos	EUR	10 – 100	0.99	4.16				N	N	
Keyword Ideas	mini creditos ya	EUR	100 – 1K	0.30	2.00				N	N	
Keyword Ideas	creditos de dinero rapidos	EUR	10 – 100						N	N	
Keyword Ideas	pedir un credito online	EUR	10 – 100	0.79	3.47				N	N	
Keyword Ideas	el prestamo	EUR	10 – 100	0.32	1.88				N	N	
Keyword Ideas	microcredito	EUR	100 – 1K	0.91	2.45				N	N	
Keyword Ideas	creditos para pagar a plazos	EUR	10 – 100	0.99	3.95				N	N	
Keyword Ideas	prestamo ya telefono	EUR	10 – 100						N	N	
Keyword Ideas	prestamos urgentes y rapidos	EUR	10 – 100	0.98	2.44				N	N	
Keyword Ideas	paginas de prestamos rapidos	EUR	10 – 100	1.00	3.53				N	N	
Keyword Ideas	prestamos a pagar a plazos	EUR	10 – 100	1.00	1.75				N	N	
Keyword Ideas	creditos rapidos online con asnef	EUR	100 – 1K	0.96	1.82				N	N	
Keyword Ideas	quiero un prestamo rapido	EUR	10 – 100	1.00	2.48				N	N	
Keyword Ideas	interes credito personal	EUR	100 – 1K	0.89	2.60				N	N	
